risk_group,count,Observed Risk
Low,19641,0.2989155338322896
High,8304,0.3040703275529865
