ER Status,n,events,median_time,mean_time,event_rate
1,1865,1240,125.0,129.51796246648794,0.6648793565683646
0,644,432,125.0,112.72360248447205,0.6708074534161491
