,Time_to_Recurrence,Time_to_Recurrence,Time_to_Recurrence,y_true,y_true,y_true
,count,mean,median,count,mean,median
risk_group,,,,,,
Q1,5141,29.205018478895155,29.0,5141,0.3032483952538417,0.0
Q2,5102,29.507448059584476,29.0,5102,0.2973343786750294,0.0
Q3,3558,29.725688589094997,30.5,3558,0.3041034288926363,0.0
Q4,4188,29.66189111747851,30.0,4188,0.29512893982808025,0.0
